,name,best_loss_test,best_acc_test,best_loss_val,best_acc_val,best_acc_epochs,best_loss_epochs
0,nihtbx_fluidcomp_uncorrected_norm,0.992478553155024,0.7444204386947058,0.9870774549326962,0.7403696394615693,0,3
1,nihtbx_cryst_uncorrected_norm,1.048714948521317,0.6454828902184248,1.0456917291645818,0.6436222219963471,0,5
2,nihtbx_pattern_uncorrected_norm,1.0037072626851482,0.9032954879528623,0.9871327726243495,0.8883798445006005,0,2
3,nihtbx_picture_uncorrected_norm,0.9338830439351481,0.856724442053643,0.9682471563188051,0.8882494667609088,0,1
4,nihtbx_list_uncorrected_norm,1.0648834497285329,0.8432194974729784,1.005164092211269,0.7959312274037981,0,5
