,name,best_loss_test,best_acc_test,best_loss_val,best_acc_val,best_acc_epochs,best_loss_epochs
0,nihtbx_fluidcomp_uncorrected_norm,0.992478553155024,0.7444204386947058,0.9870774549326962,0.7403696394615693,0,3
1,nihtbx_cryst_uncorrected_norm,1.0512074698821556,0.6470170276846477,1.0532955661404124,0.6483019912023369,0,3
2,nihtbx_pattern_uncorrected_norm,1.0037072626851482,0.9032954879528623,0.9871327726243495,0.8883798445006005,0,2
3,nihtbx_picture_uncorrected_norm,0.9338830439351481,0.856724442053643,0.9682471563188051,0.8882494667609088,0,1
4,nihtbx_list_uncorrected_norm,1.062716774982486,0.8415039648906625,1.008304886096377,0.7984179335656025,0,1
