,name,best_loss_test,best_acc_test,best_loss_val,best_acc_val,best_acc_epochs,best_loss_epochs
0,nihtbx_fluidcomp_uncorrected_norm,1.1258235103707965,0.8444378549714772,1.1368600739966974,0.8527152776909027,0,0
1,nihtbx_cryst_uncorrected_norm,1.113711965666283,0.6854887718768765,1.1165485122472978,0.6872343089315203,0,0
2,nihtbx_pattern_uncorrected_norm,1.0893104131742894,0.9803353424927442,1.064884720276221,0.958353401471177,0,0
3,nihtbx_picture_uncorrected_norm,0.9665494114041233,0.8866923617018615,0.9957157131955564,0.9134488254666233,0,0
4,nihtbx_list_uncorrected_norm,1.0577164856885508,0.8375447428255104,1.026294668547338,0.8126631676434898,0,0
