,name,best_loss_test,best_acc_test,best_loss_val,best_acc_val,best_acc_epochs,best_loss_epochs
0,female,0.08949765403142827,0.5404323458767014,0.08937825309075385,0.5796637309847879,1,7
1,nihtbx_flanker_uncorrected_norm,1.1126400143552342,0.9154972415432346,1.0782918326848978,0.8872349832991393,0,5
2,nihtbx_picvocab_uncorrected_norm,1.1793121020253703,0.7620353118432246,1.1329925268339671,0.7321050688206815,0,3
3,nihtbx_cardsort_uncorrected_norm,1.0399911726256006,0.8938997877989892,1.0974750503527821,0.9433091394990992,0,5
4,nihtbx_totalcomp_uncorrected_norm,1.0103528135008006,0.6252544027409428,1.0207939789331466,0.6317157241418134,0,0
5,nihtbx_reading_uncorrected_norm,0.9699514494408027,0.7128293455076561,1.0324895658714472,0.7587896000394065,0,0
