,name,best_loss_test,best_acc_test,best_loss_val,best_acc_val,best_acc_epochs,best_loss_epochs
0,female,0.10772299480209167,0.46517213771016813,0.10532029138936148,0.4843875100080064,0,0
1,nihtbx_flanker_uncorrected_norm,1.5468184117606585,1.2727466152609588,1.557303948627652,1.2813733408601882,0,0
2,nihtbx_picvocab_uncorrected_norm,1.3785401367969377,0.8907702333741994,1.2653155727707166,0.8176081392457716,0,0
3,nihtbx_cardsort_uncorrected_norm,2.165530471252002,1.8613306660953763,2.1014248899119297,1.8062303358311649,0,0
4,nihtbx_totalcomp_uncorrected_norm,1.0103528135008006,0.6252544027409428,1.0207939789331466,0.6317157241418134,0,0
5,nihtbx_reading_uncorrected_norm,0.9699514494408027,0.7128293455076561,1.0324895658714472,0.7587896000394065,0,0
